{
  "meta": {
    "sample": null,
    "ts": 1779550993.1376696
  },
  "load": {
    "postgres": {
      "load_sec": 11.939277799916454,
      "index_sec": 14.079939400078729
    },
    "neo4j": {
      "load_sec": 179.59634049993474,
      "index_sec": 3.6970453000394627
    }
  },
  "metrics": {
    "reference": {
      "degree": {
        "avg_deg": 80.86842261798542,
        "std_deg": 314.16179628539174,
        "max_deg": 35279
      },
      "_t_degree": [
        0.05552149994764477,
        0.05516769993118942
      ],
      "clustering": {
        "transitivity": 0.018378115576159895
      },
      "_t_clustering": [
        1449.2399233999895,
        1462.0492076999508
      ],
      "pagerank_top": [
        [
          61862,
          0.0027776746826347503
        ],
        [
          71050,
          0.002256992432181464
        ],
        [
          125642,
          0.0020806435325073894
        ],
        [
          32338,
          0.0018744205340926947
        ],
        [
          110345,
          0.0014357681478155975
        ]
      ],
      "_t_pagerank": [
        15.411716099944897,
        15.75224880001042
      ],
      "assortativity": 0.6253633620813348,
      "_t_assortativity": [
        9.638271200004965,
        9.801345399930142
      ]
    },
    "postgres": {
      "degree": {
        "result": {
          "avg_deg": 80.868423,
          "std_deg": 314.161796,
          "max_deg": 35279
        },
        "times_sec": [
          0.7874193999450654,
          0.8359639999689534
        ],
        "median_sec": 0.8116916999570094
      },
      "clustering": {
        "result": {
          "transitivity": "0.01837811557615989338",
          "triangles": 54148895
        },
        "times_sec": [
          2453.3779373000143,
          2393.8229395000963
        ],
        "median_sec": 2423.6004384000553
      },
      "pagerank": {
        "result": [
          [
            61862,
            0.002387
          ],
          [
            71050,
            0.002079
          ],
          [
            125642,
            0.002001
          ],
          [
            32338,
            0.001822
          ],
          [
            110345,
            0.001401
          ],
          [
            64605,
            0.001309
          ],
          [
            155127,
            0.001128
          ],
          [
            52703,
            0.001059
          ],
          [
            6250,
            0.000906
          ],
          [
            60588,
            0.0009
          ]
        ],
        "times_sec": [
          69.02687189995777,
          68.93255000002682
        ],
        "median_sec": 68.9797109499923
      },
      "assortativity": {
        "result": {
          "assortativity": 0.625363
        },
        "times_sec": [
          1.5561558000044897,
          1.7623778999550268
        ],
        "median_sec": 1.6592668499797583
      }
    },
    "neo4j": {
      "degree": {
        "result": {
          "avg_deg": 80.868423,
          "std_deg": 314.162731,
          "max_deg": 35279.0
        },
        "times_sec": [
          0.051874500000849366,
          0.039380399975925684
        ],
        "median_sec": 0.045627449988387525
      },
      "clustering": {
        "result": {
          "avg_local_cc": 0.159925,
          "triangles": 54148895
        },
        "times_sec": [
          23.624079799978063,
          23.719670000020415
        ],
        "median_sec": 23.67187489999924
      },
      "betweenness": {
        "result": [
          {
            "id": 61862,
            "score": 6905969.113004
          },
          {
            "id": 32338,
            "score": 5548878.793747
          },
          {
            "id": 71050,
            "score": 4075151.638492
          },
          {
            "id": 125642,
            "score": 3619112.281532
          },
          {
            "id": 110345,
            "score": 2348519.732248
          },
          {
            "id": 155127,
            "score": 2314481.79351
          },
          {
            "id": 52703,
            "score": 2012205.420542
          },
          {
            "id": 64605,
            "score": 1545098.440696
          },
          {
            "id": 60588,
            "score": 1096962.412447
          },
          {
            "id": 123018,
            "score": 1085846.860896
          }
        ],
        "times_sec": [
          218.44062090001535,
          220.06064410007093
        ],
        "median_sec": 219.25063250004314
      },
      "pagerank": {
        "result": [
          {
            "id": 61862,
            "score": 405.276282
          },
          {
            "id": 71050,
            "score": 330.214118
          },
          {
            "id": 125642,
            "score": 302.629415
          },
          {
            "id": 32338,
            "score": 270.871858
          },
          {
            "id": 110345,
            "score": 206.975264
          },
          {
            "id": 64605,
            "score": 191.078601
          },
          {
            "id": 155127,
            "score": 165.746881
          },
          {
            "id": 52703,
            "score": 156.510213
          },
          {
            "id": 6250,
            "score": 136.427669
          },
          {
            "id": 128864,
            "score": 131.765445
          }
        ],
        "times_sec": [
          1.0812084999633953,
          1.0855445000343025
        ],
        "median_sec": 1.0833764999988489
      },
      "assortativity": {
        "result": {
          "assortativity": 0.625363
        },
        "times_sec": [
          9.131111599970609,
          9.084064799943008
        ],
        "median_sec": 9.107588199956808
      }
    }
  }
}